{"cameraMode":{"drawMode":0,"name":"Shaded","section":"Shading Mode"},"sceneLighting":false,"audioPlay":false,"sceneViewState":{"m_AlwaysRefresh":false,"showFog":true,"showSkybox":false,"showFlares":true,"showImageEffects":true,"showParticleSystems":true,"showVisualEffectGraphs":true,"m_FxEnabled":true},"in2DMode":false,"pivot":{"x":-1.1028003692626954,"y":1.6689531803131104,"z":0.7738513350486755},"rotation":{"x":-0.01999880000948906,"y":0.967006504535675,"z":-0.08026088029146195,"w":-0.24095064401626588},"size":1.8942052125930787,"orthographic":false}